<annotation>
	<folder>Potential Dysgraphia</folder>
	<filename>PD (30).jpg</filename>
	<path>C:\Users\DELL\OneDrive\Desktop\Dysgraphia\DATASET DYSGRAPHIA HANDWRITING\Potential Dysgraphia\PD (30).jpg</path>
	<source>
		<database>Unknown</database>
	</source>
	<size>
		<width>1353</width>
		<height>448</height>
		<depth>1</depth>
	</size>
	<segmented>0</segmented>
	<object>
		<name>PD(30)</name>
		<pose>Unspecified</pose>
		<truncated>1</truncated>
		<difficult>0</difficult>
		<bndbox>
			<xmin>5</xmin>
			<ymin>10</ymin>
			<xmax>1348</xmax>
			<ymax>448</ymax>
		</bndbox>
	</object>
</annotation>
