<annotation>
	<folder>Potential Dysgraphia</folder>
	<filename>PD (9).jpg</filename>
	<path>C:\Users\DELL\OneDrive\Desktop\Dysgraphia\DATASET DYSGRAPHIA HANDWRITING\Potential Dysgraphia\PD (9).jpg</path>
	<source>
		<database>Unknown</database>
	</source>
	<size>
		<width>1288</width>
		<height>233</height>
		<depth>1</depth>
	</size>
	<segmented>0</segmented>
	<object>
		<name>PD(9)</name>
		<pose>Unspecified</pose>
		<truncated>1</truncated>
		<difficult>0</difficult>
		<bndbox>
			<xmin>9</xmin>
			<ymin>16</ymin>
			<xmax>1288</xmax>
			<ymax>232</ymax>
		</bndbox>
	</object>
</annotation>
