<annotation>
	<folder>Potential Dysgraphia</folder>
	<filename>PD (65).jpg</filename>
	<path>C:\Users\DELL\OneDrive\Desktop\Dysgraphia\DATASET DYSGRAPHIA HANDWRITING\Potential Dysgraphia\PD (65).jpg</path>
	<source>
		<database>Unknown</database>
	</source>
	<size>
		<width>1201</width>
		<height>252</height>
		<depth>1</depth>
	</size>
	<segmented>0</segmented>
	<object>
		<name>PD(65)</name>
		<pose>Unspecified</pose>
		<truncated>1</truncated>
		<difficult>0</difficult>
		<bndbox>
			<xmin>8</xmin>
			<ymin>4</ymin>
			<xmax>1201</xmax>
			<ymax>252</ymax>
		</bndbox>
	</object>
</annotation>
