<annotation>
	<folder>Potential Dysgraphia</folder>
	<filename>PD (20).jpg</filename>
	<path>C:\Users\DELL\OneDrive\Desktop\Dysgraphia\DATASET DYSGRAPHIA HANDWRITING\Potential Dysgraphia\PD (20).jpg</path>
	<source>
		<database>Unknown</database>
	</source>
	<size>
		<width>1217</width>
		<height>175</height>
		<depth>1</depth>
	</size>
	<segmented>0</segmented>
	<object>
		<name>PD(20)</name>
		<pose>Unspecified</pose>
		<truncated>1</truncated>
		<difficult>0</difficult>
		<bndbox>
			<xmin>1</xmin>
			<ymin>10</ymin>
			<xmax>1207</xmax>
			<ymax>171</ymax>
		</bndbox>
	</object>
</annotation>
