<annotation>
	<folder>Potential Dysgraphia</folder>
	<filename>PD (3).jpg</filename>
	<path>C:\Users\DELL\OneDrive\Desktop\Dysgraphia\DATASET DYSGRAPHIA HANDWRITING\Potential Dysgraphia\PD (3).jpg</path>
	<source>
		<database>Unknown</database>
	</source>
	<size>
		<width>1318</width>
		<height>365</height>
		<depth>1</depth>
	</size>
	<segmented>0</segmented>
	<object>
		<name>PD(3)</name>
		<pose>Unspecified</pose>
		<truncated>1</truncated>
		<difficult>0</difficult>
		<bndbox>
			<xmin>13</xmin>
			<ymin>17</ymin>
			<xmax>1318</xmax>
			<ymax>365</ymax>
		</bndbox>
	</object>
</annotation>
