<annotation>
	<folder>Potential Dysgraphia</folder>
	<filename>PD (105).jpg</filename>
	<path>C:\Users\DELL\OneDrive\Desktop\Dysgraphia\DATASET DYSGRAPHIA HANDWRITING\Potential Dysgraphia\PD (105).jpg</path>
	<source>
		<database>Unknown</database>
	</source>
	<size>
		<width>1169</width>
		<height>202</height>
		<depth>1</depth>
	</size>
	<segmented>0</segmented>
	<object>
		<name>PD(105)</name>
		<pose>Unspecified</pose>
		<truncated>1</truncated>
		<difficult>0</difficult>
		<bndbox>
			<xmin>8</xmin>
			<ymin>3</ymin>
			<xmax>1169</xmax>
			<ymax>202</ymax>
		</bndbox>
	</object>
</annotation>
