<annotation>
	<folder>Potential Dysgraphia</folder>
	<filename>PD (59).jpg</filename>
	<path>C:\Users\DELL\OneDrive\Desktop\Dysgraphia\DATASET DYSGRAPHIA HANDWRITING\Potential Dysgraphia\PD (59).jpg</path>
	<source>
		<database>Unknown</database>
	</source>
	<size>
		<width>1174</width>
		<height>151</height>
		<depth>1</depth>
	</size>
	<segmented>0</segmented>
	<object>
		<name>PD(59)</name>
		<pose>Unspecified</pose>
		<truncated>1</truncated>
		<difficult>0</difficult>
		<bndbox>
			<xmin>3</xmin>
			<ymin>7</ymin>
			<xmax>1173</xmax>
			<ymax>151</ymax>
		</bndbox>
	</object>
</annotation>
