<annotation>
	<folder>Potential Dysgraphia</folder>
	<filename>PD (111).jpg</filename>
	<path>C:\Users\DELL\OneDrive\Desktop\Dysgraphia\DATASET DYSGRAPHIA HANDWRITING\Potential Dysgraphia\PD (111).jpg</path>
	<source>
		<database>Unknown</database>
	</source>
	<size>
		<width>1267</width>
		<height>172</height>
		<depth>1</depth>
	</size>
	<segmented>0</segmented>
	<object>
		<name>PD(111)</name>
		<pose>Unspecified</pose>
		<truncated>1</truncated>
		<difficult>0</difficult>
		<bndbox>
			<xmin>11</xmin>
			<ymin>6</ymin>
			<xmax>1267</xmax>
			<ymax>172</ymax>
		</bndbox>
	</object>
</annotation>
