<annotation>
	<folder>Potential Dysgraphia</folder>
	<filename>PD (48).jpg</filename>
	<path>C:\Users\DELL\OneDrive\Desktop\Dysgraphia\DATASET DYSGRAPHIA HANDWRITING\Potential Dysgraphia\PD (48).jpg</path>
	<source>
		<database>Unknown</database>
	</source>
	<size>
		<width>1033</width>
		<height>197</height>
		<depth>1</depth>
	</size>
	<segmented>0</segmented>
	<object>
		<name>PD(48)</name>
		<pose>Unspecified</pose>
		<truncated>1</truncated>
		<difficult>0</difficult>
		<bndbox>
			<xmin>1</xmin>
			<ymin>5</ymin>
			<xmax>1033</xmax>
			<ymax>197</ymax>
		</bndbox>
	</object>
</annotation>
