<annotation>
	<folder>Potential Dysgraphia</folder>
	<filename>PD (46).jpg</filename>
	<path>C:\Users\DELL\OneDrive\Desktop\Dysgraphia\DATASET DYSGRAPHIA HANDWRITING\Potential Dysgraphia\PD (46).jpg</path>
	<source>
		<database>Unknown</database>
	</source>
	<size>
		<width>1231</width>
		<height>200</height>
		<depth>1</depth>
	</size>
	<segmented>0</segmented>
	<object>
		<name>PD(46)</name>
		<pose>Unspecified</pose>
		<truncated>1</truncated>
		<difficult>0</difficult>
		<bndbox>
			<xmin>1</xmin>
			<ymin>8</ymin>
			<xmax>1231</xmax>
			<ymax>200</ymax>
		</bndbox>
	</object>
</annotation>
