<annotation>
	<folder>Potential Dysgraphia</folder>
	<filename>PD (11).jpg</filename>
	<path>C:\Users\DELL\OneDrive\Desktop\Dysgraphia\DATASET DYSGRAPHIA HANDWRITING\Potential Dysgraphia\PD (11).jpg</path>
	<source>
		<database>Unknown</database>
	</source>
	<size>
		<width>1293</width>
		<height>202</height>
		<depth>1</depth>
	</size>
	<segmented>0</segmented>
	<object>
		<name>PD(11)</name>
		<pose>Unspecified</pose>
		<truncated>1</truncated>
		<difficult>0</difficult>
		<bndbox>
			<xmin>5</xmin>
			<ymin>12</ymin>
			<xmax>1293</xmax>
			<ymax>202</ymax>
		</bndbox>
	</object>
</annotation>
