<annotation>
	<folder>Potential Dysgraphia</folder>
	<filename>PD (39).jpg</filename>
	<path>C:\Users\DELL\OneDrive\Desktop\Dysgraphia\DATASET DYSGRAPHIA HANDWRITING\Potential Dysgraphia\PD (39).jpg</path>
	<source>
		<database>Unknown</database>
	</source>
	<size>
		<width>1305</width>
		<height>314</height>
		<depth>1</depth>
	</size>
	<segmented>0</segmented>
	<object>
		<name>PD(39)</name>
		<pose>Unspecified</pose>
		<truncated>0</truncated>
		<difficult>0</difficult>
		<bndbox>
			<xmin>2</xmin>
			<ymin>6</ymin>
			<xmax>1299</xmax>
			<ymax>313</ymax>
		</bndbox>
	</object>
</annotation>
