<annotation>
	<folder>Potential Dysgraphia</folder>
	<filename>PD (4).jpg</filename>
	<path>C:\Users\DELL\OneDrive\Desktop\Dysgraphia\DATASET DYSGRAPHIA HANDWRITING\Potential Dysgraphia\PD (4).jpg</path>
	<source>
		<database>Unknown</database>
	</source>
	<size>
		<width>743</width>
		<height>99</height>
		<depth>1</depth>
	</size>
	<segmented>0</segmented>
	<object>
		<name>PD(4)</name>
		<pose>Unspecified</pose>
		<truncated>1</truncated>
		<difficult>0</difficult>
		<bndbox>
			<xmin>5</xmin>
			<ymin>3</ymin>
			<xmax>743</xmax>
			<ymax>99</ymax>
		</bndbox>
	</object>
</annotation>
