<annotation>
	<folder>Potential Dysgraphia</folder>
	<filename>PD (27).jpg</filename>
	<path>C:\Users\DELL\OneDrive\Desktop\Dysgraphia\DATASET DYSGRAPHIA HANDWRITING\Potential Dysgraphia\PD (27).jpg</path>
	<source>
		<database>Unknown</database>
	</source>
	<size>
		<width>1323</width>
		<height>309</height>
		<depth>1</depth>
	</size>
	<segmented>0</segmented>
	<object>
		<name>PD(27)</name>
		<pose>Unspecified</pose>
		<truncated>0</truncated>
		<difficult>0</difficult>
		<bndbox>
			<xmin>3</xmin>
			<ymin>12</ymin>
			<xmax>1306</xmax>
			<ymax>301</ymax>
		</bndbox>
	</object>
</annotation>
