<annotation>
	<folder>Potential Dysgraphia</folder>
	<filename>PD (91).jpg</filename>
	<path>C:\Users\DELL\OneDrive\Desktop\Dysgraphia\DATASET DYSGRAPHIA HANDWRITING\Potential Dysgraphia\PD (91).jpg</path>
	<source>
		<database>Unknown</database>
	</source>
	<size>
		<width>1079</width>
		<height>126</height>
		<depth>1</depth>
	</size>
	<segmented>0</segmented>
	<object>
		<name>PD(91)</name>
		<pose>Unspecified</pose>
		<truncated>1</truncated>
		<difficult>0</difficult>
		<bndbox>
			<xmin>8</xmin>
			<ymin>9</ymin>
			<xmax>1079</xmax>
			<ymax>126</ymax>
		</bndbox>
	</object>
</annotation>
