<annotation>
	<folder>Potential Dysgraphia</folder>
	<filename>PD (95).jpg</filename>
	<path>C:\Users\DELL\OneDrive\Desktop\Dysgraphia\DATASET DYSGRAPHIA HANDWRITING\Potential Dysgraphia\PD (95).jpg</path>
	<source>
		<database>Unknown</database>
	</source>
	<size>
		<width>1250</width>
		<height>216</height>
		<depth>1</depth>
	</size>
	<segmented>0</segmented>
	<object>
		<name>PD(95)</name>
		<pose>Unspecified</pose>
		<truncated>1</truncated>
		<difficult>0</difficult>
		<bndbox>
			<xmin>2</xmin>
			<ymin>10</ymin>
			<xmax>1250</xmax>
			<ymax>216</ymax>
		</bndbox>
	</object>
</annotation>
