<annotation>
	<folder>Potential Dysgraphia</folder>
	<filename>PD (107).jpg</filename>
	<path>C:\Users\DELL\OneDrive\Desktop\Dysgraphia\DATASET DYSGRAPHIA HANDWRITING\Potential Dysgraphia\PD (107).jpg</path>
	<source>
		<database>Unknown</database>
	</source>
	<size>
		<width>1239</width>
		<height>265</height>
		<depth>1</depth>
	</size>
	<segmented>0</segmented>
	<object>
		<name>PD(107)</name>
		<pose>Unspecified</pose>
		<truncated>1</truncated>
		<difficult>0</difficult>
		<bndbox>
			<xmin>6</xmin>
			<ymin>2</ymin>
			<xmax>1239</xmax>
			<ymax>251</ymax>
		</bndbox>
	</object>
</annotation>
