<annotation>
	<folder>Potential Dysgraphia</folder>
	<filename>PD (1).jpg</filename>
	<path>C:\Users\DELL\OneDrive\Desktop\Dysgraphia\DATASET DYSGRAPHIA HANDWRITING\Potential Dysgraphia\PD (1).jpg</path>
	<source>
		<database>Unknown</database>
	</source>
	<size>
		<width>1318</width>
		<height>146</height>
		<depth>1</depth>
	</size>
	<segmented>0</segmented>
	<object>
		<name>image</name>
		<pose>Unspecified</pose>
		<truncated>1</truncated>
		<difficult>0</difficult>
		<bndbox>
			<xmin>8</xmin>
			<ymin>4</ymin>
			<xmax>1318</xmax>
			<ymax>146</ymax>
		</bndbox>
	</object>
</annotation>
