<annotation>
	<folder>Potential Dysgraphia</folder>
	<filename>PD (109).jpg</filename>
	<path>C:\Users\DELL\OneDrive\Desktop\Dysgraphia\DATASET DYSGRAPHIA HANDWRITING\Potential Dysgraphia\PD (109).jpg</path>
	<source>
		<database>Unknown</database>
	</source>
	<size>
		<width>1109</width>
		<height>110</height>
		<depth>1</depth>
	</size>
	<segmented>0</segmented>
	<object>
		<name>PD(109)</name>
		<pose>Unspecified</pose>
		<truncated>1</truncated>
		<difficult>0</difficult>
		<bndbox>
			<xmin>5</xmin>
			<ymin>6</ymin>
			<xmax>1109</xmax>
			<ymax>110</ymax>
		</bndbox>
	</object>
</annotation>
