<annotation>
	<folder>Potential Dysgraphia</folder>
	<filename>PD (38).jpg</filename>
	<path>C:\Users\DELL\OneDrive\Desktop\Dysgraphia\DATASET DYSGRAPHIA HANDWRITING\Potential Dysgraphia\PD (38).jpg</path>
	<source>
		<database>Unknown</database>
	</source>
	<size>
		<width>1212</width>
		<height>279</height>
		<depth>1</depth>
	</size>
	<segmented>0</segmented>
	<object>
		<name>PD(38)</name>
		<pose>Unspecified</pose>
		<truncated>0</truncated>
		<difficult>0</difficult>
		<bndbox>
			<xmin>11</xmin>
			<ymin>11</ymin>
			<xmax>1208</xmax>
			<ymax>258</ymax>
		</bndbox>
	</object>
</annotation>
