<annotation>
	<folder>Potential Dysgraphia</folder>
	<filename>PD (5).jpg</filename>
	<path>C:\Users\DELL\OneDrive\Desktop\Dysgraphia\DATASET DYSGRAPHIA HANDWRITING\Potential Dysgraphia\PD (5).jpg</path>
	<source>
		<database>Unknown</database>
	</source>
	<size>
		<width>1269</width>
		<height>189</height>
		<depth>1</depth>
	</size>
	<segmented>0</segmented>
	<object>
		<name>PD(5)</name>
		<pose>Unspecified</pose>
		<truncated>1</truncated>
		<difficult>0</difficult>
		<bndbox>
			<xmin>7</xmin>
			<ymin>4</ymin>
			<xmax>1269</xmax>
			<ymax>189</ymax>
		</bndbox>
	</object>
</annotation>
