<annotation>
	<folder>Potential Dysgraphia</folder>
	<filename>PD (12).jpg</filename>
	<path>C:\Users\DELL\OneDrive\Desktop\Dysgraphia\DATASET DYSGRAPHIA HANDWRITING\Potential Dysgraphia\PD (12).jpg</path>
	<source>
		<database>Unknown</database>
	</source>
	<size>
		<width>1434</width>
		<height>180</height>
		<depth>1</depth>
	</size>
	<segmented>0</segmented>
	<object>
		<name>PD(12)</name>
		<pose>Unspecified</pose>
		<truncated>1</truncated>
		<difficult>0</difficult>
		<bndbox>
			<xmin>8</xmin>
			<ymin>6</ymin>
			<xmax>1434</xmax>
			<ymax>180</ymax>
		</bndbox>
	</object>
</annotation>
