<annotation>
	<folder>Potential Dysgraphia</folder>
	<filename>PD (83).jpg</filename>
	<path>C:\Users\DELL\OneDrive\Desktop\Dysgraphia\DATASET DYSGRAPHIA HANDWRITING\Potential Dysgraphia\PD (83).jpg</path>
	<source>
		<database>Unknown</database>
	</source>
	<size>
		<width>1258</width>
		<height>287</height>
		<depth>1</depth>
	</size>
	<segmented>0</segmented>
	<object>
		<name>PD(83)</name>
		<pose>Unspecified</pose>
		<truncated>1</truncated>
		<difficult>0</difficult>
		<bndbox>
			<xmin>8</xmin>
			<ymin>10</ymin>
			<xmax>1258</xmax>
			<ymax>287</ymax>
		</bndbox>
	</object>
</annotation>
