<annotation>
	<folder>Potential Dysgraphia</folder>
	<filename>PD (112).jpg</filename>
	<path>C:\Users\DELL\OneDrive\Desktop\Dysgraphia\DATASET DYSGRAPHIA HANDWRITING\Potential Dysgraphia\PD (112).jpg</path>
	<source>
		<database>Unknown</database>
	</source>
	<size>
		<width>1095</width>
		<height>177</height>
		<depth>1</depth>
	</size>
	<segmented>0</segmented>
	<object>
		<name>PD(112)</name>
		<pose>Unspecified</pose>
		<truncated>1</truncated>
		<difficult>0</difficult>
		<bndbox>
			<xmin>3</xmin>
			<ymin>4</ymin>
			<xmax>1095</xmax>
			<ymax>177</ymax>
		</bndbox>
	</object>
</annotation>
