<annotation>
	<folder>Potential Dysgraphia</folder>
	<filename>PD (96).jpg</filename>
	<path>C:\Users\DELL\OneDrive\Desktop\Dysgraphia\DATASET DYSGRAPHIA HANDWRITING\Potential Dysgraphia\PD (96).jpg</path>
	<source>
		<database>Unknown</database>
	</source>
	<size>
		<width>1307</width>
		<height>333</height>
		<depth>1</depth>
	</size>
	<segmented>0</segmented>
	<object>
		<name>PD(96)</name>
		<pose>Unspecified</pose>
		<truncated>1</truncated>
		<difficult>0</difficult>
		<bndbox>
			<xmin>4</xmin>
			<ymin>19</ymin>
			<xmax>1298</xmax>
			<ymax>333</ymax>
		</bndbox>
	</object>
</annotation>
