<annotation>
	<folder>Potential Dysgraphia</folder>
	<filename>PD (57).jpg</filename>
	<path>C:\Users\DELL\OneDrive\Desktop\Dysgraphia\DATASET DYSGRAPHIA HANDWRITING\Potential Dysgraphia\PD (57).jpg</path>
	<source>
		<database>Unknown</database>
	</source>
	<size>
		<width>1242</width>
		<height>159</height>
		<depth>1</depth>
	</size>
	<segmented>0</segmented>
	<object>
		<name>PD(57)</name>
		<pose>Unspecified</pose>
		<truncated>1</truncated>
		<difficult>0</difficult>
		<bndbox>
			<xmin>9</xmin>
			<ymin>16</ymin>
			<xmax>1242</xmax>
			<ymax>158</ymax>
		</bndbox>
	</object>
</annotation>
