<annotation>
	<folder>Potential Dysgraphia</folder>
	<filename>PD (66).jpg</filename>
	<path>C:\Users\DELL\OneDrive\Desktop\Dysgraphia\DATASET DYSGRAPHIA HANDWRITING\Potential Dysgraphia\PD (66).jpg</path>
	<source>
		<database>Unknown</database>
	</source>
	<size>
		<width>1193</width>
		<height>300</height>
		<depth>1</depth>
	</size>
	<segmented>0</segmented>
	<object>
		<name>PD(66)</name>
		<pose>Unspecified</pose>
		<truncated>1</truncated>
		<difficult>0</difficult>
		<bndbox>
			<xmin>7</xmin>
			<ymin>9</ymin>
			<xmax>1187</xmax>
			<ymax>300</ymax>
		</bndbox>
	</object>
</annotation>
