<annotation>
	<folder>Potential Dysgraphia</folder>
	<filename>PD (75).jpg</filename>
	<path>C:\Users\DELL\OneDrive\Desktop\Dysgraphia\DATASET DYSGRAPHIA HANDWRITING\Potential Dysgraphia\PD (75).jpg</path>
	<source>
		<database>Unknown</database>
	</source>
	<size>
		<width>1282</width>
		<height>347</height>
		<depth>1</depth>
	</size>
	<segmented>0</segmented>
	<object>
		<name>PD(75)</name>
		<pose>Unspecified</pose>
		<truncated>1</truncated>
		<difficult>0</difficult>
		<bndbox>
			<xmin>4</xmin>
			<ymin>6</ymin>
			<xmax>1282</xmax>
			<ymax>347</ymax>
		</bndbox>
	</object>
</annotation>
