<annotation>
	<folder>Potential Dysgraphia</folder>
	<filename>PD (25).jpg</filename>
	<path>C:\Users\DELL\OneDrive\Desktop\Dysgraphia\DATASET DYSGRAPHIA HANDWRITING\Potential Dysgraphia\PD (25).jpg</path>
	<source>
		<database>Unknown</database>
	</source>
	<size>
		<width>1010</width>
		<height>104</height>
		<depth>1</depth>
	</size>
	<segmented>0</segmented>
	<object>
		<name>PD(25)</name>
		<pose>Unspecified</pose>
		<truncated>0</truncated>
		<difficult>0</difficult>
		<bndbox>
			<xmin>9</xmin>
			<ymin>9</ymin>
			<xmax>1005</xmax>
			<ymax>90</ymax>
		</bndbox>
	</object>
</annotation>
